1,6,0.13033729946188305
1,12,-0.017004171891661275
1,13,-0.14921381130833997
1,14,-0.20828861082877861
1,20,0.047085574953545706
1,21,-0.1306241959370083
1,22,-0.21439458516226909
1,23,-0.2823697814466519
1,28,0.059549116489231904
1,29,-0.0711853207135478
1,30,-0.20948436372719398
1,31,-0.22349581872002866
1,32,-0.181205212224858
1,36,0.006420047536911998
1,37,0.023169466710984927
1,38,-0.060689471444035754
1,39,-0.1892119097055671
1,40,-0.11938130963192695
1,41,-0.13973566726494555
1,43,0.1382244048720429
1,44,0.09489301786625007
1,45,0.013419871876925824
1,46,-0.10811737369338897
1,47,-0.21359814770730248
1,48,-0.2167005196040421
1,49,-0.19812437492738685
1,50,-0.20297024849801237
1,51,0.056077984464903946
1,52,0.013392971622340905
1,53,-0.0629950645530528
1,54,-0.02356451785816228
1,55,-0.0878680056761745
1,56,-0.12277232308344922
1,57,-0.12441588943628452
1,58,-0.021656198612659494
1,59,-0.021151571284012
1,60,-0.05660807007054449
1,61,-0.09246910408970405
1,62,-0.09213649679789168
2,6,0.029730774989983756
2,7,0.13038926021451797
2,23,0.1074448392146099
2,24,0.09407989462812032
2,27,0.14451240627682013
2,28,0.08830153331443219
2,29,0.08555983869081914
2,30,0.0750435234662656
2,31,0.1225583257816045
2,32,-0.017663863878217733
2,33,0.002368696167292745
2,34,0.0929278214656637
2,35,0.04468643091913887
2,36,-0.014177549829211674
2,37,-0.004505989170601189
2,38,-0.005676057866396204
2,39,-0.024534626009351655
2,40,0.06530332954896059
2,41,-0.02152810733679237
2,42,-0.0926859781922632
2,43,-0.1269042301767352
2,44,-0.057515414136947045
2,45,-0.17543349684349008
2,46,-0.26261048622153
2,47,-0.21150936294123643
2,48,-0.07172557955542036
2,49,-0.05983804348179216
2,50,-0.09150855900603774
2,51,-0.12012261573913809
2,52,-0.19970061497546915
2,53,-0.23846563628776063
2,54,-0.10300486875420216
2,55,-0.2058429279410271
2,56,-0.14732656137960973
2,57,-0.14725613578671215
2,58,-0.1750747678948676
2,59,-0.17534514540712243
2,60,-0.19296758481381238
2,61,-0.17585120233616788
2,62,-0.17463385028604408
3,6,-0.04339661043897633
3,7,0.049532554977644944
3,15,-0.12009907800847117
3,16,-0.06685955510667854
3,17,0.05503537609252305
3,24,-0.11694586596081377
3,25,-0.05871390471635145
3,26,0.0359099499945585
3,27,0.10597753315861877
3,28,0.10733468242570171
3,33,-0.1717051026837601
3,34,-0.17969193709032005
3,35,-0.11277584340356524
3,36,0.0178015167349386
3,37,-0.03565313176117364
3,38,0.09973709242468157
3,41,0.11902939742883904
3,42,-0.1717439928932188
3,43,-0.18530769999061372
3,44,-0.13615833748877126
3,45,-0.24480748690371146
3,46,-0.2829156052921492
3,47,-0.09482463078441453
3,48,-0.026624863718822337
3,49,0.025121834687578507
3,50,0.016440731426514896
3,51,-0.14412731837515352
3,52,-0.22954036512725118
3,53,-0.20095045035676146
3,54,-0.13715447286020807
3,55,-0.1393983928265638
3,56,-0.04782991096383458
3,57,-0.047768872599231
3,58,-0.1759561222660179
3,59,-0.17586494015462228
3,60,-0.17352422769604942
3,61,-0.12029940201165465
3,62,-0.11929754889188211
4,12,0.0568255786415154
4,13,-0.14534812291442148
4,14,-0.27771361560286467
4,20,0.14918839134275047
4,21,-0.1368716896257258
4,22,-0.250580177155682
4,23,-0.32733909792747046
4,28,0.09738327861778015
4,29,-0.0811932497434986
4,30,-0.21789849801520517
4,31,-0.21121511678400032
4,32,-0.17123056109230722
4,36,-0.0162048086442815
4,37,0.04077890035847013
4,38,-0.08001417949015979
4,39,-0.1956721744068402
4,40,-0.19636540905111552
4,41,-0.18547351773897383
4,43,0.1492181557840773
4,44,0.026434677109051476
4,45,0.027394489932484223
4,46,-0.15097301220561946
4,47,-0.2752126924600962
4,48,-0.29106624284648985
4,49,-0.2722207906292021
4,50,-0.2061981282325423
4,51,0.07907673296140343
4,52,0.03381739118743049
4,53,-0.041464668696412944
4,54,-0.12041273735362532
4,55,-0.14816261070136116
4,56,-0.1502303529179064
4,57,-0.15033526930987232
4,58,-0.015202387907343275
4,59,-0.014731564824946048
4,60,-0.06962943956278006
4,61,-0.08594998485506176
4,62,-0.08530561390177252
5,6,-0.07745050673472277
5,7,-0.015260254081586475
5,15,-0.2833456531034439
5,16,-0.18034518910860753
5,17,-0.03221766447950306
5,24,-0.23707468108109186
5,25,-0.21832074328966025
5,26,-0.07584807919259656
5,27,-0.04681288725471114
5,28,0.12883656133451257
5,33,-0.1354713724854022
5,34,-0.22904803595378767
5,35,-0.1569551096147984
5,36,-0.030711466783346627
5,37,-0.05026362567760781
5,38,-0.04858053588483055
5,42,-0.17055475786048474
5,43,-0.21366360721614783
5,44,-0.22468830368923462
5,45,-0.15584181090796223
5,46,-0.14924871402625645
5,47,0.011547048172359776
5,48,-1.1917723864608024e-06
5,51,-0.12161064581193708
5,52,-0.17573013455724862
5,53,-0.05904426312442605
5,54,-0.2367291289559704
5,55,-0.09596975436969946
5,56,0.056106230307776846
5,57,0.05581363454894856
5,58,-0.13055953982862575
5,59,-0.131186036793794
5,60,-0.10141904795573242
5,61,-0.042569666811637555
5,62,-0.03899018884555433
6,7,0.04201500053434962
6,9,0.13301490441003055
6,10,0.03150062993150263
6,11,-0.021296082433231677
6,12,-0.10782940884974725
6,13,-0.18184396692520335
6,14,-0.19743943905953026
6,18,0.11908839774561646
6,19,0.0435318838206317
6,20,-0.061480029244828455
6,21,-0.14600502476298743
6,22,-0.17012197792681688
6,23,-0.1918903519173398
6,26,0.14915212805605557
6,27,0.11591806269591404
6,28,-0.011707781758443272
6,29,-0.05958174851498151
6,30,-0.1318412941716918
6,31,-0.14988529530810735
6,32,-0.0871682627724268
6,35,0.14662097594103823
6,36,0.021565197780302255
6,37,0.0549499197155395
6,38,-0.02029185277440774
6,39,-0.07645349828325479
6,40,-0.10100644467916745
6,41,-0.06029696042433026
6,42,0.1479221900171627
6,43,0.11956938622649178
6,44,0.055258529432033854
6,45,0.09547005415756213
6,46,0.02749955987843158
6,47,-0.040486028745018596
6,48,-0.07269108575823552
6,49,-0.07221547527659763
6,50,-0.04342145257348617
6,51,0.09766856646278958
6,52,0.1014075577258421
6,53,0.046951857621161566
6,54,0.019341428341017524
6,55,0.0003417705011872351
6,56,-0.011441016209481868
6,57,-0.010334959369846105
6,58,0.07318710210927006
6,59,0.07374399711733959
6,60,0.048558095422550615
6,61,0.029089631860685427
6,62,0.028682004148366025
7,8,0.12157232328033092
7,10,0.09036045949559385
7,11,0.0283610525022522
7,12,-0.03888209278390175
7,13,-0.10453981283367508
7,14,-0.14304518382065684
7,19,0.0867164072943397
7,20,-0.02529425258526474
7,21,-0.07714124451826057
7,22,-0.12328720756797223
7,23,-0.15159865070993406
7,27,0.14623455222755774
7,28,-9.696024244161228e-05
7,29,-0.037570771485167916
7,30,-0.103417599566516
7,31,-0.1083267171657867
7,32,-0.06252387591410333
7,33,0.1158159268264065
7,34,0.12067368245697528
7,35,0.12962861680499704
7,36,-0.023280364965372367
7,37,0.00658148571582204
7,38,-0.00555606922421158
7,39,-0.053911093768770214
7,40,-0.07779255867890593
7,41,-0.06516571582474165
7,42,0.10126840359420611
7,43,0.08382767635210137
7,44,0.03374259242963106
7,45,0.0545053633967198
7,46,-0.028483482588511237
7,47,-0.060786772714077425
7,48,-0.07065798225073115
7,49,-0.07221020220083736
7,50,-0.05659400877927833
7,51,0.053070478923800936
7,52,0.05820962830312365
7,53,0.017170545036179683
7,54,-0.007089929853465587
7,55,-0.008804713446558754
7,56,-0.01406150845562294
7,57,-0.015457751805115584
7,58,0.031290072243539954
7,59,0.0315513393995531
7,60,0.01597813287571735
7,61,0.0037780529802003884
7,62,0.0027777142461284645
8,12,0.019370830639488943
8,13,-0.1564273819818099
8,14,-0.26537460474406177
8,20,0.019638611368813046
8,21,-0.09255635191690358
8,22,-0.18921374246173653
8,23,-0.2969943714277608
8,28,-0.0660228339383427
8,29,0.05677849348955823
8,30,-0.16174768908736067
8,31,-0.26541159634765465
8,32,-0.16463073734088685
8,36,0.09897253856333718
8,37,0.04715402331546613
8,38,-0.07135932709728672
8,39,-0.15264719771026664
8,40,-0.19094220104162624
8,41,-0.12588318441239352
8,44,0.06290611667990167
8,45,0.07019765239710417
8,46,-0.08820340507249239
8,47,-0.1627603917207691
8,48,-0.21460257640281008
8,49,-0.17075862867903385
8,50,-0.15191896989903098
8,51,0.06607064611689081
8,52,0.06289172329415851
8,53,-0.070144118249082
8,54,-0.047481747861755165
8,55,-0.09901491251253883
8,56,-0.10446750382126287
8,57,-0.10719441640654927
8,58,0.017550642372646398
8,59,0.018151489844533034
8,60,-0.02443121686252485
8,61,-0.047684031726734716
8,62,-0.047300951972008086
9,13,-0.011015276069135573
9,14,-0.17293712569602315
9,21,0.10753725734847676
9,22,-0.056228070042436976
9,23,-0.19328621347356648
9,28,0.04954079086153188
9,30,-0.019816698292795167
9,31,-0.19163265978864433
9,32,-0.09171495721420163
9,36,0.11418118938513429
9,37,0.08083454395979542
9,38,-0.13955026784263633
9,39,-0.07936427708360834
9,40,-0.16884659676526184
9,41,-0.0822351428534283
9,44,-0.008806803691103829
9,45,0.04993232213769671
9,46,-0.12895218094479552
9,47,-0.13209134061164032
9,48,-0.22344684808426205
9,49,-0.1161155927517109
9,50,-0.08552832930966574
9,51,0.08454051007986799
9,52,0.07504661340080283
9,53,-0.014971296923793521
9,54,-0.12283528112691133
9,55,-0.14444473575604103
9,56,-0.054080629989008255
9,57,-0.055024016734021006
9,58,0.022459742572936574
9,59,0.023234241804088257
9,60,-0.03404700987161308
9,61,-0.032010995012229856
9,62,-0.030416295367554014
10,24,0.13355974249523153
10,31,0.12541975443318953
10,32,0.08273744333769553
10,33,0.08575630513864362
10,34,0.08816435698417693
10,35,0.09296768080676747
10,36,0.12160382630954353
10,37,0.07480226476600403
10,38,-0.054044000096374355
10,39,0.07511501757842465
10,40,0.04432376657522388
10,41,0.1033230590251984
10,42,0.012886220384861495
10,43,-0.005728623372976958
10,44,-0.08764773227529335
10,45,-0.11029917191446358
10,46,-0.20736808813967572
10,47,-0.06698833577451092
10,48,-0.06649653942440652
10,49,0.052852384039041196
10,50,0.05920204690658777
10,51,-0.013843479293376397
10,52,-0.0761032887779838
10,53,-0.09127934072115208
10,54,-0.14169489856133174
10,55,-0.12169220562341426
10,56,-0.004825751049495869
10,57,-0.004941284903275906
10,58,-0.05427599281911095
10,59,-0.05395852618729101
10,60,-0.06366086044349303
10,61,-0.03389840809355253
10,62,-0.032279935632665346
11,15,-0.046229425467437066
11,16,-0.011521174784701854
11,17,0.08202171261080832
11,24,-0.07806943839611748
11,25,-0.12828642804702478
11,26,-0.02592759391501525
11,33,-0.14869424037677584
11,34,-0.16217830381813725
11,35,0.11067691393696527
11,36,0.10432761770154549
11,37,-0.004121337785330448
11,40,0.02863305461812807
11,41,0.0653944471507549
11,42,-0.1405254321764589
11,43,-0.215010308684097
11,44,-0.30320554497078556
11,45,-0.23552306284628818
11,46,-0.3628169179038396
11,47,-0.14455257786280418
11,48,-0.11800213915015269
11,49,-0.06498214487536146
11,50,0.09066949461575044
11,51,-0.12094180440849987
11,52,-0.17178993114540322
11,53,-0.04714961936448372
11,54,-0.30589807189092905
11,55,-0.22067396027809655
11,56,-0.04294394336730288
11,57,-0.041893613178797806
11,58,-0.19464293102129582
11,59,-0.19366478115086067
11,60,-0.1364951436198093
11,61,-0.10323981681414116
11,62,-0.10198247799405895
12,15,-0.3709558316542139
12,16,-0.19940110580079173
12,17,-0.08015622656071743
12,24,-0.3151821998680712
12,25,-0.32845243743399366
12,26,-0.10376978108641474
12,33,-0.373446779436069
12,34,-0.2958229371768032
12,35,-0.0663328246558356
12,36,0.0932387167987869
12,37,0.003630609748856323
12,42,-0.30831081814539757
12,43,-0.3386201889395675
12,44,-0.3326638277855398
12,45,-0.2982944903518575
12,46,-0.3067715234192069
12,47,0.07737756231625495
12,48,0.1119141866707422
12,51,-0.2224770124943405
12,52,-0.25069445843019367
12,53,-0.13337739978899213
12,54,-0.2112164144622321
12,55,-0.18841200803737185
12,56,0.09073833008093904
12,57,0.09143661406038854
12,58,-0.20703459023100743
12,59,-0.20698263834669556
12,60,-0.1813291235995071
12,61,-0.05835571539677197
12,62,-0.05618014921721459
13,15,-0.5910212445031707
13,16,-0.49816231563683433
13,17,-0.35676313423485145
13,18,-0.060593056599200106
13,24,-0.4605209616216239
13,25,-0.45787299040175305
13,26,-0.2626238863747629
13,27,-0.17969228466308546
13,28,0.08742270659505497
13,33,-0.4003323423758308
13,34,-0.4485172122440814
13,35,-0.35708871079527243
13,36,0.0276461978531826
13,37,-0.055815312795511246
13,42,-0.30594395310662187
13,43,-0.2734392203706579
13,44,-0.22435962540730564
13,45,-0.2925267239496823
13,46,-0.1693373687369744
13,51,-0.13387653856031348
13,52,-0.2219176309566349
13,53,-0.12950658052861136
13,54,-0.06695282341339398
13,55,0.039985563109243345
13,58,-0.09128566833078139
13,59,-0.09196429512706919
13,60,-0.04713479961325014
13,61,0.06126859829941059
13,62,0.06340389332500958
14,15,-0.6621360443490427
14,16,-0.6160066354608404
14,17,-0.5063684488619885
14,18,-0.22194789543169335
14,19,0.14338393115140965
14,24,-0.49702767791058955
14,25,-0.53765505249818
14,26,-0.29892345871599446
14,27,-0.18381044939394084
14,33,-0.35067173136809726
14,34,-0.5063196549907175
14,35,-0.38973949376397815
14,36,0.07942636298447943
14,37,-0.042485713204680545
14,42,-0.22677116844286918
14,43,-0.19298507396246603
14,44,-0.1748790861010041
14,45,-0.2854547431789522
14,46,-0.11684055851682747
14,51,-0.03231268747051155
14,52,-0.12629172342700068
14,53,-0.002721063766213741
14,54,-0.028721883686496006
14,55,0.14856113469703247
14,58,0.018191073007083676
14,59,0.017706471820840338
14,60,0.06680711944172246
15,20,-0.18160581769358894
15,21,-0.4862716517828304
15,22,-0.5774010496699618
15,23,-0.6425855133762213
15,28,-0.006221020751814752
15,29,-0.28826601968441573
15,30,-0.47057012856293623
15,31,-0.4813694183575613
15,32,-0.32328358605197544
15,36,0.07320301109296448
15,37,0.10988810524181628
15,38,0.020090440278765664
15,39,-0.3247633981719379
15,40,-0.29367699699616145
15,41,-0.16925655190195835
15,46,0.03130498148493501
15,47,-0.20557729655735565
15,48,-0.17961656941129317
15,49,-0.2069036492658088
15,50,-0.1505625498578859
15,53,0.10490691921510316
15,55,0.07544074136761554
15,56,-0.014665410801835251
15,57,-0.014539994359331142
15,61,0.1489334475784309
15,62,0.14689615349291316
16,20,-0.23186385471017212
16,21,-0.43532372476302345
16,22,-0.38025175796635435
16,23,-0.5528001112406427
16,28,-0.043173690578906306
16,29,-0.1213677569250633
16,30,-0.4008853716691881
16,31,-0.510271064908032
16,32,-0.43040587947407627
16,36,0.09700577565596077
16,38,-0.07823138882891123
16,39,-0.27344189748838366
16,40,-0.3550351870783584
16,41,-0.25794768432592075
16,46,0.04720199195866864
16,47,-0.18063329506933667
16,48,-0.021599619369205732
16,49,-0.10421332779569105
16,50,-0.17369237027026746
16,53,0.0744058847160061
16,55,-0.0984848182266037
16,56,-0.10613936290835363
16,57,-0.10601914059215559
16,58,0.13789800871799143
16,59,0.13827664857060062
16,60,0.07967023577659821
16,61,0.003356033086400548
16,62,0.00316463721981657
17,20,-0.18194662007303417
17,21,-0.25354095501499035
17,22,-0.23844064775597884
17,23,-0.4781592158773046
17,28,-0.08314553834934195
17,29,-0.06261096468146234
17,30,-0.3295912209721097
17,31,-0.4621519158636842
17,32,-0.43690988637536526
17,36,0.051521217701475455
17,37,0.13854227459665408
17,38,-0.07448701557264553
17,39,-0.3373638565681644
17,40,-0.27135556759746937
17,41,-0.264997991576774
17,46,-0.12263725308981982
17,47,-0.31908604113968514
17,48,-0.07474919377272499
17,49,-0.11298581907848734
17,50,-0.23704395607936585
17,51,0.05885974305341617
17,52,0.07424215296408467
17,53,-0.16525545809247436
17,55,-0.1798459932050416
17,56,-0.23680661729609692
17,57,-0.2366022637236637
17,58,-0.003618373054851674
17,59,-0.0029730734527559518
17,60,-0.06651700421032775
17,61,-0.13878123208647702
17,62,-0.13967149683283495
18,21,0.06854836138690884
18,22,-0.04642724207606495
18,23,-0.1932136110092861
18,28,0.05622268335963481
18,30,-0.10471576005159088
18,31,-0.22475826683222153
18,32,-0.11971876988070126
18,33,0.07323904401768357
18,37,0.1268198399943214
18,39,0.0381316998696098
18,40,-0.3713086013329259
18,41,-0.16302098394837583
18,42,0.03461438153132999
18,43,-0.012028612693531067
18,44,-0.14085107360429056
18,45,-0.003623203681767443
18,46,-0.3361897489957993
18,47,-0.24122349163315823
18,48,-0.18728835199413277
18,49,-0.18935467051477603
18,50,-0.12977432002192782
18,51,-0.07686876119293173
18,52,-0.03295541828978888
18,53,-0.13501920007732224
18,54,-0.21153794783531465
18,55,-0.3423342961020351
18,56,-0.1879933573818156
18,57,-0.18781709153718676
18,58,-0.1364376338965422
18,59,-0.1357551394620627
18,60,-0.1609152211850484
18,61,-0.16467676967638853
18,62,-0.16455371362811616
19,22,0.09048438424087539
19,23,0.1391539981134511
19,24,0.07613046047882172
19,25,0.04839863825299452
19,30,0.13301804046196697
19,33,0.013002570487669078
19,34,-0.10113517806884728
19,37,0.059472015331362225
19,40,-0.1540424291237381
19,41,0.033282338637101255
19,42,-0.008368639260238031
19,43,-0.08735416915649585
19,44,-0.32058664899187805
19,45,-0.2992530083314898
19,46,-0.42389213375704793
19,47,-0.19470542604613958
19,48,-0.2834162420928267
19,49,-0.2032296820430711
19,50,-0.011404194793062225
19,51,-0.06672106337079702
19,52,-0.10350712614491081
19,53,-0.07137052425854849
19,54,-0.38781642593165516
19,55,-0.25846342181073556
19,56,-0.06603851304358431
19,57,-0.06533545085548019
19,58,-0.13897208995627192
19,59,-0.13801551811687496
19,60,-0.13719090031362263
19,61,-0.06856674662101207
19,62,-0.0676298738106709
20,24,-0.22685783826748301
20,25,-0.37527940792188474
20,26,0.047654731625605316
20,33,-0.1868563490897599
20,34,-0.3762878406401964
20,35,-0.03466101093207785
20,37,-0.008030639643928528
20,40,0.060897107824708946
20,42,-0.15544506167393607
20,43,-0.23418527341222392
20,44,-0.4617318805617713
20,45,-0.500311470814476
20,46,-0.3937878796898092
20,47,-0.036042957092613306
20,48,-0.13318416149425313
20,49,-0.07325884739712323
20,51,-0.1059947644542464
20,52,-0.1467280663872553
20,53,-0.04782338821570384
20,54,-0.40968356706183073
20,55,-0.20104516226817443
20,56,0.049698141045612695
20,57,0.05209521376988238
20,58,-0.1581774870129939
20,59,-0.15800530250114184
20,60,-0.1281957727076685
20,61,-0.004319674078548994
20,62,-0.0032709633829312392
21,24,-0.3492185703915582
21,25,-0.34549173061194133
21,26,-0.15846397441835938
21,27,-0.05501316321900183
21,28,0.04250089650135724
21,33,-0.2577608255782612
21,34,-0.38415892634885085
21,35,-0.2823372745178698
21,36,0.07803363711421733
21,37,-0.05471793006662514
21,42,-0.15419854234112518
21,43,-0.12864821787899863
21,44,-0.1501534227058157
21,45,-0.1615707396802107
21,46,-0.11534620841820771
21,51,-0.041704223678873165
21,52,-0.09527112913574724
21,53,-0.04150557152575862
21,54,-0.021681979383638077
21,58,0.01990864466983414
21,59,0.019579687623273872
21,60,0.07444648868294572
22,24,-0.40196223144641263
22,25,-0.35307786394200513
22,26,-0.35172879155179987
22,27,-0.3182392759483361
22,28,-0.03949480503290942
22,33,-0.4037688362443286
22,34,-0.24973844356060232
22,35,-0.3269918093427502
22,36,0.020274791051348807
22,37,0.002018515387531692
22,42,-0.3136505635075634
22,43,-0.2505107061477032
22,44,-0.061706887607224585
22,45,-0.14200730069858739
22,46,-0.07812187133942843
22,51,-0.11024303839090026
22,52,-0.19110570989114223
22,53,-0.13868600417248897
22,54,0.12352157633284704
22,55,0.09303770251558362
22,58,-0.0461515547690404
22,59,-0.04660608952836908
22,60,0.0032368925307768243
22,61,0.08610371139591076
22,62,0.08766067695367522
23,24,-0.47766552973494036
23,25,-0.554459580306236
23,26,-0.3468128149922848
23,27,-0.24785206423481135
23,28,0.14543781161724104
23,33,-0.34676862320321
23,34,-0.43153578352435606
23,35,-0.3111919652428993
23,36,0.12005454308471275
23,37,-0.0060447859892234935
23,42,-0.20485829762010596
23,43,-0.1993778735680434
23,44,-0.22740918561526743
23,45,-0.2155211650089501
23,46,-0.07094054007522169
23,51,0.008209226514767633
23,52,-0.06463204333429043
23,53,0.041888372853274444
23,54,-0.03736351810323819
23,55,0.1422654697838431
23,58,0.05260605234280488
23,59,0.05212214603346063
23,60,0.11958497512574442
24,28,0.01110619652677804
24,29,-0.25937846443874985
24,30,-0.3399259926282838
24,31,-0.37999496612553796
24,32,-0.23974220294581838
24,36,0.06408150769535047
24,37,0.10143278804039751
24,38,-0.11566752648428127
24,39,-0.2862087105973453
24,40,-0.08306213335688169
24,41,-0.06678436260106611
24,46,0.14834869431460965
24,47,-0.05101656392500908
24,48,-0.04429576001019441
24,49,-0.012758094794802803
24,50,-0.04166303514555126
24,56,0.12459491242204175
24,57,0.12424459517592837
25,28,-0.09680064118143103
25,29,-0.2736542999103905
25,30,-0.38996723209013945
25,31,-0.5124102370825931
25,32,-0.41262896778703384
25,36,0.027611550432604003
25,37,0.0987721323248394
25,38,-0.1591642522656933
25,39,-0.4466475751786155
25,40,-0.02009418049740308
25,41,-0.13446176403029594
25,46,0.10579778219907283
25,47,-0.13456244459553784
25,48,-0.009674047191452354
25,49,0.006128874756656529
25,50,-0.1735085255875641
25,53,0.032086632546257064
25,56,0.010714678519333483
25,57,0.009888724698967242
25,61,0.10966620014968853
25,62,0.10832235617107502
26,28,-0.07398429268333719
26,29,-0.058585249519783715
26,30,-0.21511513879111693
26,31,-0.22585901844688178
26,32,0.017211814125122845
26,37,0.04825420149747056
26,38,-0.02807131201794962
26,39,-0.15865722762490564
26,40,-0.08780219529438138
26,41,0.032074219958466384
26,45,0.08445192168202746
26,46,0.01156187334155698
26,47,0.028862301393290598
26,48,-0.23973441910609442
26,49,-0.1653363613388265
26,50,-0.06853511394733043
26,53,0.10132646248006051
26,54,0.07813663150434137
26,55,0.14528491113650632
27,30,-0.2982336399282771
27,31,-0.11412374466003268
27,32,0.10618300181785024
27,33,0.13771312828923812
27,34,0.08227155885347373
27,37,0.030694207242470153
27,39,0.08394445055156191
27,40,-0.27486527959654167
27,41,-0.12305988353165273
27,44,-0.06360668843119487
27,45,-0.05481331196329531
27,46,-0.3438693729406539
27,47,-0.21056324683533062
27,48,-0.42204771740664976
27,49,-0.37840860308484
27,50,-0.18138424855903193
27,51,0.04160297260082716
27,52,0.07923135984522653
27,53,0.01324317523124475
27,54,-0.1870487432648454
27,55,-0.16228433034864403
27,56,-0.05896531065531754
27,57,-0.05954158537971321
27,58,-0.030179829132917696
27,59,-0.028397196734870435
27,60,-0.053518363226823025
27,61,-0.04187712270261743
27,62,-0.04426919004857995
28,29,-0.005586832327682921
28,30,0.034398975138510146
28,32,0.14760000558795094
28,33,0.03624858218573044
28,34,-0.07896013806151797
28,35,0.040470903184436455
28,36,0.13559602795787132
28,37,0.10873317690188695
28,38,0.11000694656690338
28,39,0.09452009881462571
28,40,0.031843662101141354
28,41,0.12016160286067959
28,42,0.025709866912031788
28,43,-0.0015165476897677746
28,44,-0.040041208565536154
28,45,-0.20139868020608845
28,46,-0.16432050542268897
28,47,-0.10378270110825066
28,48,-0.049128227572430176
28,49,-0.07429274866354793
28,50,0.01476701950639436
28,51,0.09519811637130077
28,52,-0.015767259334535523
28,54,-0.11269794272417907
28,55,-0.0003260506614272611
28,56,0.044327989826925915
28,57,0.04689274361602954
28,58,-0.022401009852729217
28,59,-0.021251663723859098
28,60,0.04778142239906354
28,61,0.05286402079988872
28,62,0.05187800072133357
29,33,-0.30604930002527486
29,34,-0.3185621192552038
29,35,0.06503010116333059
29,37,0.07460706854274679
29,40,0.07030545836427025
29,42,-0.15533871068530034
29,43,-0.14578299740809844
29,44,-0.3792424082996124
29,45,-0.030051561546896643
29,46,-0.16579509595260086
29,51,-0.10673861403043067
29,52,-0.05201379748650081
29,53,0.026451986053003976
29,54,-0.22773889323860033
29,55,-0.05734177492003714
29,58,-0.07619177661301879
29,59,-0.07641832450606922
29,60,-0.02050750388322557
29,61,0.06526160194685601
29,62,0.06616524988011788
30,33,-0.12272404270671847
30,34,-0.2891863141239125
30,35,-0.27886318219377765
30,36,0.1151484358683473
30,37,0.06674332093171605
30,42,-0.06063955144039677
30,43,-0.04719711159048246
30,44,-0.15221896641753932
30,45,-0.06909544098558942
30,46,0.09948735950561244
30,51,0.08332077428205538
30,52,0.04836212702480757
30,54,0.0013548412688982447
30,59,0.14954563245159302
31,33,-0.18402247960026077
31,34,-0.4204475178339813
31,35,-0.2554743142673583
31,36,0.08746293624575105
31,37,0.003508550024108459
31,42,-0.095886014018422
31,43,-0.13540372361350483
31,44,-0.24099299166503982
31,45,-0.26737427566464594
31,46,-0.11776987998097783
31,51,0.06845502745063874
31,52,-0.015355571022510136
31,53,0.060501832506916625
31,54,-0.10044468274458541
31,58,0.08915208642661043
31,59,0.08912928698542208
32,33,0.005766189469092368
32,34,-0.4331013769331735
32,35,-0.07902059559994411
32,37,-0.02477410511900435
32,43,0.10147357446764434
32,44,-0.2921925289779193
32,45,-0.06623646524596036
32,46,0.03698840262204035
32,48,0.13584860335035645
32,54,-0.17389521640035127
33,36,0.12670139886963028
33,37,0.10374121357310047
33,38,-0.2342576894010279
33,39,-0.16232010821424353
33,40,-0.0006777941743317663
33,47,0.12376447344147166
33,48,-0.029217764594093247
33,49,0.10579217786019574
34,36,0.019982873949780537
34,38,-0.2401867710048312
34,39,-0.34796591086775674
34,40,-0.09768887208508786
34,41,-0.14493119918673059
34,47,-0.09919598994144758
34,49,0.14874796034892174
34,50,-0.013954140460351067
34,55,0.11184596890966628
34,56,0.013275419945422683
34,57,0.013617770642808523
34,61,0.12538359093708007
34,62,0.12482986720116188
35,38,0.14249917566812095
35,39,0.0967593974411269
35,40,-0.40031043793324034
35,41,-0.10376030392448651
35,44,0.10998283900977994
35,47,0.06636979046221293
35,48,-0.034516737431968335
35,49,-0.08576879668470876
35,50,0.06372474610548876
35,54,0.009491521860721767
35,55,-0.016215446573775938
35,56,0.12606179995006542
35,57,0.12470415872360001
36,40,-0.1590422071585521
36,44,-0.020248595952106853
36,45,-0.05196834694136235
36,46,-0.004393954611924409
36,48,0.10049224137880143
36,49,0.07179438666301238
36,54,-0.07876824472821678
36,55,0.07886930273332243
37,38,0.054827704595773616
37,39,0.0674078828894222
37,40,-0.06510469475968789
37,41,0.0779315593878234
37,42,0.1225378677694911
37,43,0.12567484312544375
37,44,0.07444754081270619
37,47,0.12663730529392342
37,49,0.1278294579708608
37,50,0.09065809214105032
37,51,0.145238198051282
37,54,0.08071831391739401
37,55,0.060301488008575835
37,56,0.08584932082906968
37,57,0.08592116368554309
37,58,0.1171430469498127
37,59,0.1179802892080873
37,60,0.14443263218566169
37,61,0.11400860846611083
37,62,0.11167900755956944
38,40,-0.01961066138463952
38,41,0.14987267634988688
38,42,-0.12818134035835407
38,43,-0.1372159999701163
38,44,-0.2713409008669673
38,45,-0.23858645173196766
38,46,-0.31040351545303974
38,47,0.05535124654833867
38,48,0.14573562723186917
38,49,0.023483696695975366
38,50,0.14579867505739108
38,51,-0.11044936031914374
38,52,-0.09552026584694792
38,53,-0.12534822304400461
38,54,-0.15854834136037033
38,55,-0.06491701221022722
38,56,0.042857817356638885
38,57,0.04481421474700887
38,58,-0.10871999553487686
38,59,-0.10833796503087864
38,60,-0.054521926124076366
38,61,-0.019373544814570872
38,62,-0.021803857226797535
39,42,0.017876899537141257
39,43,-0.061652772968502245
39,44,-0.434066645519639
39,45,-0.05570082317804185
39,46,-0.030192362394752276
39,51,0.10059062183378562
39,54,-0.2538609527498351
39,55,0.13235208891427178
39,58,0.12421290306106617
39,59,0.12357276620610375
40,42,0.09882311519197731
40,45,-0.07955045084918842
40,46,0.13115716150523452
40,52,0.0777926304342176
40,53,-0.01755037937997775
41,44,0.09160452121483141
41,45,0.11058460451527029
42,48,0.0966682255152287
44,47,0.08500703392513627
44,50,-0.00017112068480177716
44,53,0.11286947998277058
53,54,0.10574014141813977
